{"graph": {"_type": "graph-file", "sha256": "fb315930d00bfadbf32a388d10bfc5b44060914d803f69b056a89ff2b57e7016", "size": 3487, "path": "media/graph/graph_summary_fb315930d00bfadbf32a.graph.json"}, "epoch": 4, "_timestamp": 1653766538, "_runtime": 1067, "loss": 0.005289642605930567, "accuracy": 0.9991666674613953, "val_loss": 0.004834316670894623, "val_accuracy": 1.0, "_step": 4, "best_val_loss": 0.004834316670894623, "best_epoch": 4}